ID,TIMESTAMP,GROUND RX TIME,OFFSET,DATE,TIME,TM ID,TM SERVICE,MNEMONIC,TM NAME,RATE,RTC Time,BASE,LENGTH,CHECKSUM,DATA,RDS Measure Vd1,RDS Measure Vd2,RDS Measure temperature,EID (Hex),Data Response,Data Request,TID (Hex),TID DATA,CID (Hex),CID VALUE,VID (Hex),Value,SW configured number,number of loads,Error code,Last SW configured number,Last number of loads,NID (Hex),3.3V Current,2.5V Current,Temperature,HUMPL Time,Configuration,Stats,Error Code,Doppler Shift,Sensor ID,Length,Data,Sectors Tested,Pages With Errors,Address Read,Data Read,Frequency Deviation,Power,Transceiver,Processing Result,Packet Length,Packet,Configuration,Stats,Monitoring List BitMask,Check transition Parameter,Check transition Parameter value,Crossed Limit,Previous checking status,Current checking status,Parameter Monitoring Check,Collection Interval,Rep Delta,Rep Limit,Check limit,Low Limit,RID(Low Limit),High Limit,RID(High Limit),Check delta,Low Threshold,RID (Low Threshold),High Threshold,RID (High Threshold),Check expected,Expected Value,RID (Expected),Event reports status bitmask,RID,RID HK DAO ID LIST,Additional info,SID,SID HK DAO ID LIST,BITMASK HK REPORT,Parameters reports bitmask,LS Length,PR Length,HS Length,HK Length,A Length,S1 Length,S2 Length,MO Length,N2,TCLIST,SCHEDULE SIZE
HUMPL_TEST_RX,HUMPL Reception Test Report,,,,,,,,,,,,,,,,,,,,,,,,,0,90,738,365148010,0F:00:00:00:00:00:00:00:00:4B:28:18:6A:18:6A:0F:A0:03:00:00:00:00:FF:FF:FF:FF:FF:FF:FF:FF:00:00:00:00:00:00:00:00:FF:FF:FF:FF:FF:FF:FF:FF:FF:03:01:00:3C,63:63:63:63:06:00:04:60:06:C0:05:60:00:00:00:00:00:00:00:00:00:00:00:00:00:00:00:00,,,,,,,,,,,,,,,,0F:00:00:00:00:00:00:00:00:4B:28:18:6A:18:6A:0F:A0:03:00:00:00:00:FF:FF:FF:FF:FF:FF:FF:FF:00:00:00:00:00:00:00:00:FF:FF:FF:FF:FF:FF:FF:FF:FF:03:01:00:3C,63:63:63:63:06:00:04:60:06:C0:05:60:00:00:00:00:00:00:00:00:00:00:00:00:00:00:00:00,,,,,,,,,,,,,,,,,,,,,,,,,,,,,,,,,,,,,,,,,,
1414,365154166,"2013.02.27 09:11:22,975",0,2013.02.26,"15:10:16,600",21,On-Board Operations Procedure,OP_RP_HUMPL_TEST_RX,HUMPL Reception Test Report,,,,,,,,,,,,,,,,,,,,,,,,,0,93,733,365147409,08:00:00:00:00:00:00:00:00:4B:28:61:A8:61:A8:0F:A0:03:00:00:00:00:FF:FF:FF:FF:FF:FF:FF:FF:00:00:00:00:00:00:00:00:FF:FF:FF:FF:FF:FF:FF:FF:FF:03:01:00:3C,FF:FF:FF:5D:FF:FF:FF:FF:FF:FF:0D:B0:00:00:00:00:00:00:00:00:00:00:00:00:00:00:00:00,,,,,,,,,,,,,,,,08:00:00:00:00:00:00:00:00:4B:28:61:A8:61:A8:0F:A0:03:00:00:00:00:FF:FF:FF:FF:FF:FF:FF:FF:00:00:00:00:00:00:00:00:FF:FF:FF:FF:FF:FF:FF:FF:FF:03:01:00:3C,FF:FF:FF:5D:FF:FF:FF:FF:FF:FF:0D:B0:00:00:00:00:00:00:00:00:00:00:00:00:00:00:00:00,,,,,,,,,,,,,,,,,,,,,,,,,,,,,,,,,,,,,,,,,,
1426,365154135,"2013.02.27 09:11:50,459",0,2013.02.26,"15:10:13,500",21,On-Board Operations Procedure,OP_RP_HUMPL_TEST_RX,HUMPL Reception Test Report,,,,,,,,,,,,,,,,,,,,,,,,,0,98,733,365146808,04:00:00:00:00:00:00:00:00:4B:28:61:A8:61:A8:0F:A0:03:00:00:00:00:FF:FF:FF:FF:FF:FF:FF:FF:00:00:00:00:00:00:00:00:FF:FF:FF:FF:FF:FF:FF:FF:FF:03:01:00:3C,FF:FF:5D:FF:FF:FF:FF:FF:0E:90:FF:FF:00:00:00:00:00:00:00:00:00:00:00:00:00:00:00:00,,,,,,,,,,,,,,,,04:00:00:00:00:00:00:00:00:4B:28:61:A8:61:A8:0F:A0:03:00:00:00:00:FF:FF:FF:FF:FF:FF:FF:FF:00:00:00:00:00:00:00:00:FF:FF:FF:FF:FF:FF:FF:FF:FF:03:01:00:3C,FF:FF:5D:FF:FF:FF:FF:FF:0E:90:FF:FF:00:00:00:00:00:00:00:00:00:00:00:00:00:00:00:00,,,,,,,,,,,,,,,,,,,,,,,,,,,,,,,,,,,,,,,,,,
1427,365154104,"2013.02.27 09:11:51,928",0,2013.02.26,"15:10:10,400",21,On-Board Operations Procedure,OP_RP_HUMPL_TEST_RX,HUMPL Reception Test Report,,,,,,,,,,,,,,,,,,,,,,,,,0,95,735,365146207,02:00:00:00:00:00:00:00:00:4B:28:61:A8:61:A8:0F:A0:03:00:00:00:00:FF:FF:FF:FF:FF:FF:FF:FF:00:00:00:00:00:00:00:00:FF:FF:FF:FF:FF:FF:FF:FF:FF:03:01:00:3C,FF:5D:FF:FF:FF:FF:0D:70:FF:FF:FF:FF:00:00:00:00:00:00:00:00:00:00:00:00:00:00:00:00,,,,,,,,,,,,,,,,02:00:00:00:00:00:00:00:00:4B:28:61:A8:61:A8:0F:A0:03:00:00:00:00:FF:FF:FF:FF:FF:FF:FF:FF:00:00:00:00:00:00:00:00:FF:FF:FF:FF:FF:FF:FF:FF:FF:03:01:00:3C,FF:5D:FF:FF:FF:FF:0D:70:FF:FF:FF:FF:00:00:00:00:00:00:00:00:00:00:00:00:00:00:00:00,,,,,,,,,,,,,,,,,,,,,,,,,,,,,,,,,,,,,,,,,,
1428,365154073,"2013.02.27 09:11:54,678",0,2013.02.26,"15:10:07,300",21,On-Board Operations Procedure,OP_RP_HUMPL_TEST_RX,HUMPL Reception Test Report,,,,,,,,,,,,,,,,,,,,,,,,,0,109,734,365145606,01:00:00:00:00:00:00:00:00:4B:28:61:A8:61:A8:0F:A0:03:00:00:00:00:FF:FF:FF:FF:FF:FF:FF:FF:00:00:00:00:00:00:00:00:FF:FF:FF:FF:FF:FF:FF:FF:FF:03:01:00:3C,5E:FF:FF:FF:0A:E8:FF:FF:FF:FF:FF:FF:00:00:00:00:00:00:00:00:00:00:00:00:00:00:00:00,,,,,,,,,,,,,,,,01:00:00:00:00:00:00:00:00:4B:28:61:A8:61:A8:0F:A0:03:00:00:00:00:FF:FF:FF:FF:FF:FF:FF:FF:00:00:00:00:00:00:00:00:FF:FF:FF:FF:FF:FF:FF:FF:FF:03:01:00:3C,5E:FF:FF:FF:0A:E8:FF:FF:FF:FF:FF:FF:00:00:00:00:00:00:00:00:00:00:00:00:00:00:00:00,,,,,,,,,,,,,,,,,,,,,,,,,,,,,,,,,,,,,,,,,,
1429,365154046,"2013.02.27 09:11:57,444",0,2013.02.26,"15:10:04,600",19,On-Board Operations Procedure,OP_RP_HUMPL_TEST_MEM,HUMPL Memory Test Report,,,,,,,,,,,,,,,,,,,,,,,,,0,87,729,365145005,,,,,,,,0,0,00:2A:00,00:07:00:30:00:24:00:00:01:7A:00:03:00:25:00:01:00:00:00:05:00:1D:00:01:00:1C:00:10:00:27:00:36:01:F0:02:2C:00:DE:01:01:FF:FF:FF:FF:FF:FF:FF:FF:FF:FF:FF:FF:FF:FF:FF:FF:FF:FF:FF:FF:FF:FF:FF:FF:FF:FF,,,,,,,,,,,,,,,,,,,,,,,,,,,,,,,,,,,,,,,,,,,,,,,,,,
41432,365136197,"2013.02.27 09:12:00,756",0,2013.02.26,"14:40:19,700",21,On-Board Operations Procedure,OP_RP_HUMPL_TEST_RX,HUMPL Reception Test Report,,,,,,,,,,,,,,,,,,,,,,,,,0,101,727,365127063,0F:00:00:00:00:00:00:00:00:4B:28:18:6A:18:6A:0F:A0:03:00:00:00:00:FF:FF:FF:FF:FF:FF:FF:FF:00:00:00:00:00:00:00:00:FF:FF:FF:FF:FF:FF:FF:FF:FF:03:01:00:01,64:65:65:65:0F:E0:0B:20:0B:20:0C:60:00:00:00:00:00:00:00:00:00:00:00:00:00:00:00:00,,,,,,,,,,,,,,,,0F:00:00:00:00:00:00:00:00:4B:28:18:6A:18:6A:0F:A0:03:00:00:00:00:FF:FF:FF:FF:FF:FF:FF:FF:00:00:00:00:00:00:00:00:FF:FF:FF:FF:FF:FF:FF:FF:FF:03:01:00:01,64:65:65:65:0F:E0:0B:20:0B:20:0C:60:00:00:00:00:00:00:00:00:00:00:00:00:00:00:00:00,,,,,,,,,,,,,,,,,,,,,,,,,,,,,,,,,,,,,,,,,,
1435,365136166,"2013.02.27 09:12:15,928",0,2013.02.26,"14:40:16,600",21,On-Board Operations Procedure,OP_RP_HUMPL_TEST_RX,HUMPL Reception Test Report,,,,,,,,,,,,,,,,,,,,,,,,,0,94,727,365127052,08:00:00:00:00:00:00:00:00:4B:28:61:A8:61:A8:0F:A0:03:00:00:00:00:FF:FF:FF:FF:FF:FF:FF:FF:00:00:00:00:00:00:00:00:FF:FF:FF:FF:FF:FF:FF:FF:FF:03:01:00:01,FF:FF:FF:60:FF:FF:FF:FF:FF:FF:10:80:00:00:00:00:00:00:00:00:00:00:00:00:00:00:00:00,,,,,,,,,,,,,,,,08:00:00:00:00:00:00:00:00:4B:28:61:A8:61:A8:0F:A0:03:00:00:00:00:FF:FF:FF:FF:FF:FF:FF:FF:00:00:00:00:00:00:00:00:FF:FF:FF:FF:FF:FF:FF:FF:FF:03:01:00:01,FF:FF:FF:60:FF:FF:FF:FF:FF:FF:10:80:00:00:00:00:00:00:00:00:00:00:00:00:00:00:00:00,,,,,,,,,,,,,,,,,,,,,,,,,,,,,,,,,,,,,,,,,,
1436,365136135,"2013.02.27 09:12:17,397",0,2013.02.26,"14:40:13,500",21,On-Board Operations Procedure,OP_RP_HUMPL_TEST_RX,HUMPL Reception Test Report,,,,,,,,,,,,,,,,,,,,,,,,,0,94,729,365127041,04:00:00:00:00:00:00:00:00:4B:28:61:A8:61:A8:0F:A0:03:00:00:00:00:FF:FF:FF:FF:FF:FF:FF:FF:00:00:00:00:00:00:00:00:FF:FF:FF:FF:FF:FF:FF:FF:FF:03:01:00:01,FF:FF:5F:FF:FF:FF:FF:FF:10:B8:FF:FF:00:00:00:00:00:00:00:00:00:00:00:00:00:00:00:00,,,,,,,,,,,,,,,,04:00:00:00:00:00:00:00:00:4B:28:61:A8:61:A8:0F:A0:03:00:00:00:00:FF:FF:FF:FF:FF:FF:FF:FF:00:00:00:00:00:00:00:00:FF:FF:FF:FF:FF:FF:FF:FF:FF:03:01:00:01,FF:FF:5F:FF:FF:FF:FF:FF:10:B8:FF:FF:00:00:00:00:00:00:00:00:00:00:00:00:00:00:00:00,,,,,,,,,,,,,,,,,,,,,,,,,,,,,,,,,,,,,,,,,,
1437,365136104,"2013.02.27 09:12:20,163",0,2013.02.26,"14:40:10,400",21,On-Board Operations Procedure,OP_RP_HUMPL_TEST_RX,HUMPL Reception Test Report,,,,,,,,,,,,,,,,,,,,,,,,,0,83,728,365127030,02:00:00:00:00:00:00:00:00:4B:28:61:A8:61:A8:0F:A0:03:00:00:00:00:FF:FF:FF:FF:FF:FF:FF:FF:00:00:00:00:00:00:00:00:FF:FF:FF:FF:FF:FF:FF:FF:FF:03:01:00:01,FF:5F:FF:FF:FF:FF:10:E8:FF:FF:FF:FF:00:00:00:00:00:00:00:00:00:00:00:00:00:00:00:00,,,,,,,,,,,,,,,,02:00:00:00:00:00:00:00:00:4B:28:61:A8:61:A8:0F:A0:03:00:00:00:00:FF:FF:FF:FF:FF:FF:FF:FF:00:00:00:00:00:00:00:00:FF:FF:FF:FF:FF:FF:FF:FF:FF:03:01:00:01,FF:5F:FF:FF:FF:FF:10:E8:FF:FF:FF:FF:00:00:00:00:00:00:00:00:00:00:00:00:00:00:00:00,,,,,,,,,,,,,,,,,,,,,,,,,,,,,,,,,,,,,,,,,,
1438,365136072,"2013.02.27 09:12:22,913",0,2013.02.26,"14:40:07,200",21,On-Board Operations Procedure,OP_RP_HUMPL_TEST_RX,HUMPL Reception Test Report,,,,,,,,,,,,,,,,,,,,,,,,,0,86,728,365127019,01:00:00:00:00:00:00:00:00:4B:28:61:A8:61:A8:0F:A0:03:00:00:00:00:FF:FF:FF:FF:FF:FF:FF:FF:00:00:00:00:00:00:00:00:FF:FF:FF:FF:FF:FF:FF:FF:FF:03:01:00:01,5F:FF:FF:FF:0E:10:FF:FF:FF:FF:FF:FF:00:00:00:00:00:00:00:00:00:00:00:00:00:00:00:00,,,,,,,,,,,,,,,,01:00:00:00:00:00:00:00:00:4B:28:61:A8:61:A8:0F:A0:03:00:00:00:00:FF:FF:FF:FF:FF:FF:FF:FF:00:00:00:00:00:00:00:00:FF:FF:FF:FF:FF:FF:FF:FF:FF:03:01:00:01,5F:FF:FF:FF:0E:10:FF:FF:FF:FF:FF:FF:00:00:00:00:00:00:00:00:00:00:00:00:00:00:00:00,,,,,,,,,,,,,,,,,,,,,,,,,,,,,,,,,,,,,,,,,,
1439,365136046,"2013.02.27 09:12:25,647",0,2013.02.26,"14:40:04,600",19,On-Board Operations Procedure,OP_RP_HUMPL_TEST_MEM,HUMPL Memory Test Report,,,,,,,,,,,,,,,,,,,,,,,,,0,92,729,365127008,,,,,,,,0,0,00:2A:00,00:07:00:2E:00:22:00:00:01:51:00:03:00:25:00:00:00:00:00:00:00:1D:00:01:00:1C:00:10:00:27:00:36:01:F0:02:2C:00:DE:01:01:FF:FF:FF:FF:FF:FF:FF:FF:FF:FF:FF:FF:FF:FF:FF:FF:FF:FF:FF:FF:FF:FF:FF:FF:FF:FF,,,,,,,,,,,,,,,,,,,,,,,,,,,,,,,,,,,,,,,,,,,,,,,,,,
1443,365122492,"2013.02.27 09:12:37,131",0,2013.02.26,"14:17:29,200",18,On-Board Operations Procedure,OP_RP_HUMPL_EVENT_E,HUMPL Event-E,,,,,,,,,,,,,,,,,,,,,,,,,,,,3297,,,,10666,8,25,31:36:39:3A:20:46:52:45:51:20:44:45:56:20:3D:20:2B:39:31:38:33:20:48:7A:00:00:00:00:00:00:00:00,,,,,,,,,,,,,,,,,,,,,,,,,,,,,,,,,,,,,,,,,,,,,,,,,,,,,,
1444,365122461,"2013.02.27 09:12:37,866",0,2013.02.26,"14:17:26,100",18,On-Board Operations Procedure,OP_RP_HUMPL_EVENT_E,HUMPL Event-E,,,,,,,,,,,,,,,,,,,,,,,,,,,,3267,,,,3938,8,25,31:36:38:3A:20:46:52:45:51:20:44:45:56:20:3D:20:2B:33:39:38:32:20:48:7A:00:00:00:00:00:00:00:00,,,,,,,,,,,,,,,,,,,,,,,,,,,,,,,,,,,,,,,,,,,,,,,,,,,,,,
1445,365122430,"2013.02.27 09:12:38,584",0,2013.02.26,"14:17:23,000",18,On-Board Operations Procedure,OP_RP_HUMPL_EVENT_E,HUMPL Event-E,,,,,,,,,,,,,,,,,,,,,,,,,,,,3220,,,,57768,8,25,31:36:36:3A:20:46:52:45:51:20:44:45:56:20:3D:20:2D:37:31:39:30:20:48:7A:00:00:00:00:00:00:00:00,,,,,,,,,,,,,,,,,,,,,,,,,,,,,,,,,,,,,,,,,,,,,,,,,,,,,,
1446,365122398,"2013.02.27 09:12:40,600",0,2013.02.26,"14:17:19,800",18,On-Board Operations Procedure,OP_RP_HUMPL_EVENT_E,HUMPL Event-E,,,,,,,,,,,,,,,,,,,,,,,,,,,,3193,,,,878,8,24,31:36:35:3A:20:46:52:45:51:20:44:45:56:20:3D:20:2B:38:31:30:20:48:7A:00:00:00:00:00:00:00:00:00,,,,,,,,,,,,,,,,,,,,,,,,,,,,,,,,,,,,,,,,,,,,,,,,,,,,,,
2245,366303538,"2013.02.28 08:13:41,506",0,2013.02.27,"23:05:53,800",22,On-Board Operations Procedure,OP_RP_HUMPL_TM_COMM,HUMPL Communication Report,,,,,,,,,,,,,,,,,,,,,,,,,0,98,729,366303486,0F:D9:9A:F3:33:0C:CD:26:66:4B:28:18:6A:18:6A:0F:A0:03:64:64:64:64:69:69:69:69:69:69:69:69:01:F4:01:F4:01:F4:01:F4:03:E8:03:E8:03:E8:03:E8:50:03,67:63:67:66:05:38:01:38:06:60:05:00:00:00:00:00:00:00:00:00:00:00:00:01:00:00:00:00:00:00:00:00:00:0C:00:00:00:00:00:00:00:00:00:00:00:00:00:00:00:00,,,,,,,,,,,,,,,,0F:D9:9A:F3:33:0C:CD:26:66:4B:28:18:6A:18:6A:0F:A0:03:64:64:64:64:69:69:69:69:69:69:69:69:01:F4:01:F4:01:F4:01:F4:03:E8:03:E8:03:E8:03:E8:50:03,67:63:67:66:05:38:01:38:06:60:05:00:00:00:00:00:00:00:00:00:00:00:00:01:00:00:00:00:00:00:00:00:00:0C:00:00:00:00:00:00:00:00:00:00:00:00:00:00:00:00,,,,,,,,,,,,,,,,,,,,,,,,,,,,,,,,,,,,,,,,,,
2246,366301763,"2013.02.28 08:13:42,959",0,2013.02.27,"23:02:56,300",22,On-Board Operations Procedure,OP_RP_HUMPL_TM_COMM,HUMPL Communication Report,,,,,,,,,,,,,,,,,,,,,,,,,0,83,726,366301711,0F:D9:9A:F3:33:0C:CD:26:66:4B:28:18:6A:18:6A:0F:A0:03:64:64:64:64:69:69:69:69:69:69:69:69:01:F4:01:F4:01:F4:01:F4:03:E8:03:E8:03:E8:03:E8:50:03,66:63:67:67:05:A0:01:E0:07:C0:07:80:00:00:00:00:00:00:00:00:00:00:00:00:00:00:00:00:00:00:00:00:00:0C:00:00:00:00:00:00:00:00:00:00:00:00:00:00:00:00,,,,,,,,,,,,,,,,0F:D9:9A:F3:33:0C:CD:26:66:4B:28:18:6A:18:6A:0F:A0:03:64:64:64:64:69:69:69:69:69:69:69:69:01:F4:01:F4:01:F4:01:F4:03:E8:03:E8:03:E8:03:E8:50:03,66:63:67:67:05:A0:01:E0:07:C0:07:80:00:00:00:00:00:00:00:00:00:00:00:00:00:00:00:00:00:00:00:00:00:0C:00:00:00:00:00:00:00:00:00:00:00:00:00:00:00:00,,,,,,,,,,,,,,,,,,,,,,,,,,,,,,,,,,,,,,,,,,
2247,366299989,"2013.02.28 08:13:45,756",0,2013.02.27,"22:59:58,900",22,On-Board Operations Procedure,OP_RP_HUMPL_TM_COMM,HUMPL Communication Report,,,,,,,,,,,,,,,,,,,,,,,,,0,89,730,366299938,0F:D9:9A:F3:33:0C:CD:26:66:4B:28:18:6A:18:6A:0F:A0:03:64:64:64:64:69:69:69:69:69:69:69:69:01:F4:01:F4:01:F4:01:F4:03:E8:03:E8:03:E8:03:E8:50:03,67:62:67:67:06:A0:01:A8:07:40:05:30:00:00:00:00:00:00:00:00:00:00:00:00:00:00:00:00:00:00:00:00:00:0B:00:00:00:00:00:00:00:00:00:00:00:00:00:00:00:00,,,,,,,,,,,,,,,,0F:D9:9A:F3:33:0C:CD:26:66:4B:28:18:6A:18:6A:0F:A0:03:64:64:64:64:69:69:69:69:69:69:69:69:01:F4:01:F4:01:F4:01:F4:03:E8:03:E8:03:E8:03:E8:50:03,67:62:67:67:06:A0:01:A8:07:40:05:30:00:00:00:00:00:00:00:00:00:00:00:00:00:00:00:00:00:00:00:00:00:0B:00:00:00:00:00:00:00:00:00:00:00:00:00:00:00:00,,,,,,,,,,,,,,,,,,,,,,,,,,,,,,,,,,,,,,,,,,
2248,366298214,"2013.02.28 08:13:48,475",0,2013.02.27,"22:57:01,400",22,On-Board Operations Procedure,OP_RP_HUMPL_TM_COMM,HUMPL Communication Report,,,,,,,,,,,,,,,,,,,,,,,,,0,101,729,366298162,0F:D9:9A:F3:33:0C:CD:26:66:4B:28:18:6A:18:6A:0F:A0:03:64:64:64:64:69:69:69:69:69:69:69:69:01:F4:01:F4:01:F4:01:F4:03:E8:03:E8:03:E8:03:E8:50:03,65:63:67:66:07:A8:01:60:06:30:05:60:00:00:00:00:00:00:00:00:00:00:00:03:00:00:00:00:00:00:00:00:00:0A:00:00:00:00:00:00:00:00:00:00:00:00:00:00:00:00,,,,,,,,,,,,,,,,0F:D9:9A:F3:33:0C:CD:26:66:4B:28:18:6A:18:6A:0F:A0:03:64:64:64:64:69:69:69:69:69:69:69:69:01:F4:01:F4:01:F4:01:F4:03:E8:03:E8:03:E8:03:E8:50:03,65:63:67:66:07:A8:01:60:06:30:05:60:00:00:00:00:00:00:00:00:00:00:00:03:00:00:00:00:00:00:00:00:00:0A:00:00:00:00:00:00:00:00:00:00:00:00:00:00:00:00,,,,,,,,,,,,,,,,,,,,,,,,,,,,,,,,,,,,,,,,,,
2252,366296440,"2013.02.28 08:14:01,022",0,2013.02.27,"22:54:04,000",22,On-Board Operations Procedure,OP_RP_HUMPL_TM_COMM,HUMPL Communication Report,,,,,,,,,,,,,,,,,,,,,,,,,0,97,736,366296388,0F:D9:9A:F3:33:0C:CD:26:66:4B:28:18:6A:18:6A:0F:A0:03:64:64:64:64:69:69:69:69:69:69:69:69:01:F4:01:F4:01:F4:01:F4:03:E8:03:E8:03:E8:03:E8:50:03,66:62:67:67:06:00:01:68:03:B0:05:60:00:00:00:00:00:00:00:00:00:00:00:00:00:00:00:00:00:00:00:00:00:0C:00:00:00:00:00:00:00:00:00:00:00:00:00:00:00:00,,,,,,,,,,,,,,,,0F:D9:9A:F3:33:0C:CD:26:66:4B:28:18:6A:18:6A:0F:A0:03:64:64:64:64:69:69:69:69:69:69:69:69:01:F4:01:F4:01:F4:01:F4:03:E8:03:E8:03:E8:03:E8:50:03,66:62:67:67:06:00:01:68:03:B0:05:60:00:00:00:00:00:00:00:00:00:00:00:00:00:00:00:00:00:00:00:00:00:0C:00:00:00:00:00:00:00:00:00:00:00:00:00:00:00:00,,,,,,,,,,,,,,,,,,,,,,,,,,,,,,,,,,,,,,,,,,
2253,366294666,"2013.02.28 08:14:02,475",0,2013.02.27,"22:51:06,600",22,On-Board Operations Procedure,OP_RP_HUMPL_TM_COMM,HUMPL Communication Report,,,,,,,,,,,,,,,,,,,,,,,,,0,75,736,366294614,0F:D9:9A:F3:33:0C:CD:26:66:4B:28:18:6A:18:6A:0F:A0:03:64:64:64:64:69:69:69:69:69:69:69:69:01:F4:01:F4:01:F4:01:F4:03:E8:03:E8:03:E8:03:E8:50:03,65:63:65:67:08:C8:01:A0:06:A0:04:48:00:00:00:01:00:00:00:00:00:00:00:02:00:00:00:00:00:00:00:00:00:0A:00:00:00:00:00:00:00:00:00:00:00:00:00:00:00:00,,,,,,,,,,,,,,,,0F:D9:9A:F3:33:0C:CD:26:66:4B:28:18:6A:18:6A:0F:A0:03:64:64:64:64:69:69:69:69:69:69:69:69:01:F4:01:F4:01:F4:01:F4:03:E8:03:E8:03:E8:03:E8:50:03,65:63:65:67:08:C8:01:A0:06:A0:04:48:00:00:00:01:00:00:00:00:00:00:00:02:00:00:00:00:00:00:00:00:00:0A:00:00:00:00:00:00:00:00:00:00:00:00:00:00:00:00,,,,,,,,,,,,,,,,,,,,,,,,,,,,,,,,,,,,,,,,,,
2254,366292893,"2013.02.28 08:14:05,241",0,2013.02.27,"22:48:09,300",22,On-Board Operations Procedure,OP_RP_HUMPL_TM_COMM,HUMPL Communication Report,,,,,,,,,,,,,,,,,,,,,,,,,0,89,737,366292841,0F:D9:9A:F3:33:0C:CD:26:66:4B:28:18:6A:18:6A:0F:A0:03:64:64:64:64:69:69:69:69:69:69:69:69:01:F4:01:F4:01:F4:01:F4:03:E8:03:E8:03:E8:03:E8:50:03,66:61:67:67:08:C0:00:E8:07:80:03:00:00:00:00:02:00:00:00:00:00:00:00:00:00:00:00:00:00:00:00:00:00:0B:00:00:00:00:00:00:00:00:00:00:00:00:00:00:00:00,,,,,,,,,,,,,,,,0F:D9:9A:F3:33:0C:CD:26:66:4B:28:18:6A:18:6A:0F:A0:03:64:64:64:64:69:69:69:69:69:69:69:69:01:F4:01:F4:01:F4:01:F4:03:E8:03:E8:03:E8:03:E8:50:03,66:61:67:67:08:C0:00:E8:07:80:03:00:00:00:00:02:00:00:00:00:00:00:00:00:00:00:00:00:00:00:00:00:00:0B:00:00:00:00:00:00:00:00:00:00:00:00:00:00:00:00,,,,,,,,,,,,,,,,,,,,,,,,,,,,,,,,,,,,,,,,,,
2255,366291121,"2013.02.28 08:14:07,991",0,2013.02.27,"22:45:12,100",22,On-Board Operations Procedure,OP_RP_HUMPL_TM_COMM,HUMPL Communication Report,,,,,,,,,,,,,,,,,,,,,,,,,0,98,740,366291069,0F:D9:9A:F3:33:0C:CD:26:66:4B:28:18:6A:18:6A:0F:A0:03:64:64:64:64:69:69:69:69:69:69:69:69:01:F4:01:F4:01:F4:01:F4:03:E8:03:E8:03:E8:03:E8:50:03,65:63:68:67:08:E8:01:38:07:E8:05:F0:00:00:00:00:00:00:00:00:00:00:00:01:00:00:00:00:00:00:00:00:00:0B:00:00:00:00:00:00:00:00:00:00:00:00:00:00:00:00,,,,,,,,,,,,,,,,0F:D9:9A:F3:33:0C:CD:26:66:4B:28:18:6A:18:6A:0F:A0:03:64:64:64:64:69:69:69:69:69:69:69:69:01:F4:01:F4:01:F4:01:F4:03:E8:03:E8:03:E8:03:E8:50:03,65:63:68:67:08:E8:01:38:07:E8:05:F0:00:00:00:00:00:00:00:00:00:00:00:01:00:00:00:00:00:00:00:00:00:0B:00:00:00:00:00:00:00:00:00:00:00:00:00:00:00:00,,,,,,,,,,,,,,,,,,,,,,,,,,,,,,,,,,,,,,,,,,
2259,366289349,"2013.02.28 08:14:17,444",0,2013.02.27,"22:42:14,900",22,On-Board Operations Procedure,OP_RP_HUMPL_TM_COMM,HUMPL Communication Report,,,,,,,,,,,,,,,,,,,,,,,,,0,104,741,366289298,0F:D9:9A:F3:33:0C:CD:26:66:4B:28:18:6A:18:6A:0F:A0:03:64:64:64:64:69:69:69:69:69:69:69:69:01:F4:01:F4:01:F4:01:F4:03:E8:03:E8:03:E8:03:E8:50:03,64:63:67:66:09:60:01:90:06:F0:03:00:00:00:00:00:00:00:00:00:00:00:00:00:00:00:00:00:00:00:00:01:00:0D:00:00:00:00:00:00:00:00:00:00:00:00:00:00:00:00,,,,,,,,,,,,,,,,0F:D9:9A:F3:33:0C:CD:26:66:4B:28:18:6A:18:6A:0F:A0:03:64:64:64:64:69:69:69:69:69:69:69:69:01:F4:01:F4:01:F4:01:F4:03:E8:03:E8:03:E8:03:E8:50:03,64:63:67:66:09:60:01:90:06:F0:03:00:00:00:00:00:00:00:00:00:00:00:00:00:00:00:00:00:00:00:00:01:00:0D:00:00:00:00:00:00:00:00:00:00:00:00:00:00:00:00,,,,,,,,,,,,,,,,,,,,,,,,,,,,,,,,,,,,,,,,,,
2260,366287577,"2013.02.28 08:14:18,913",0,2013.02.27,"22:39:17,700",22,On-Board Operations Procedure,OP_RP_HUMPL_TM_COMM,HUMPL Communication Report,,,,,,,,,,,,,,,,,,,,,,,,,0,89,745,366287524,0F:D9:9A:F3:33:0C:CD:26:66:4B:28:18:6A:18:6A:0F:A0:03:64:64:64:64:69:69:69:69:69:69:69:69:01:F4:01:F4:01:F4:01:F4:03:E8:03:E8:03:E8:03:E8:50:03,66:62:67:66:08:E0:01:60:05:80:01:20:00:00:00:00:00:00:00:00:00:00:00:02:00:00:00:00:00:00:00:00:00:0C:00:00:00:00:00:00:00:00:00:00:00:00:00:00:00:00,,,,,,,,,,,,,,,,0F:D9:9A:F3:33:0C:CD:26:66:4B:28:18:6A:18:6A:0F:A0:03:64:64:64:64:69:69:69:69:69:69:69:69:01:F4:01:F4:01:F4:01:F4:03:E8:03:E8:03:E8:03:E8:50:03,66:62:67:66:08:E0:01:60:05:80:01:20:00:00:00:00:00:00:00:00:00:00:00:02:00:00:00:00:00:00:00:00:00:0C:00:00:00:00:00:00:00:00:00:00:00:00:00:00:00:00,,,,,,,,,,,,,,,,,,,,,,,,,,,,,,,,,,,,,,,,,,
2261,366285803,"2013.02.28 08:14:21,663",0,2013.02.27,"22:36:20,300",22,On-Board Operations Procedure,OP_RP_HUMPL_TM_COMM,HUMPL Communication Report,,,,,,,,,,,,,,,,,,,,,,,,,0,91,751,366285752,0F:D9:9A:F3:33:0C:CD:26:66:4B:28:18:6A:18:6A:0F:A0:03:64:64:64:64:69:69:69:69:69:69:69:69:01:F4:01:F4:01:F4:01:F4:03:E8:03:E8:03:E8:03:E8:50:03,60:56:62:61:02:98:01:68:02:10:02:00:00:0F:00:02:00:12:00:22:00:00:02:21:00:00:00:00:00:02:0D:1A:0D:EF:02:2B:08:EE:00:00:00:00:00:00:00:00:00:00:00:00,,,,,,,,,,,,,,,,0F:D9:9A:F3:33:0C:CD:26:66:4B:28:18:6A:18:6A:0F:A0:03:64:64:64:64:69:69:69:69:69:69:69:69:01:F4:01:F4:01:F4:01:F4:03:E8:03:E8:03:E8:03:E8:50:03,60:56:62:61:02:98:01:68:02:10:02:00:00:0F:00:02:00:12:00:22:00:00:02:21:00:00:00:00:00:02:0D:1A:0D:EF:02:2B:08:EE:00:00:00:00:00:00:00:00:00:00:00:00,,,,,,,,,,,,,,,,,,,,,,,,,,,,,,,,,,,,,,,,,,
2265,366244317,"2013.02.28 08:14:25,147",0,2013.02.27,"21:27:11,700",22,On-Board Operations Procedure,OP_RP_HUMPL_TM_COMM,HUMPL Communication Report,,,,,,,,,,,,,,,,,,,,,,,,,0,96,728,366244267,0F:D9:9A:F3:33:0C:CD:26:66:4B:28:18:6A:18:6A:0F:A0:03:64:64:64:64:69:69:69:69:69:69:69:69:01:F4:01:F4:01:F4:01:F4:03:E8:03:E8:03:E8:03:E8:50:03,67:62:66:66:05:D0:01:40:04:A0:03:68:00:00:00:00:00:00:00:00:00:00:00:00:00:00:00:00:00:00:00:00:00:0C:00:00:00:00:00:00:00:00:00:00:00:00:00:00:00:00,,,,,,,,,,,,,,,,0F:D9:9A:F3:33:0C:CD:26:66:4B:28:18:6A:18:6A:0F:A0:03:64:64:64:64:69:69:69:69:69:69:69:69:01:F4:01:F4:01:F4:01:F4:03:E8:03:E8:03:E8:03:E8:50:03,67:62:66:66:05:D0:01:40:04:A0:03:68:00:00:00:00:00:00:00:00:00:00:00:00:00:00:00:00:00:00:00:00:00:0C:00:00:00:00:00:00:00:00:00:00:00:00:00:00:00:00,,,,,,,,,,,,,,,,,,,,,,,,,,,,,,,,,,,,,,,,,,
2268,366242544,"2013.02.28 08:14:33,522",0,2013.02.27,"21:24:14,400",22,On-Board Operations Procedure,OP_RP_HUMPL_TM_COMM,HUMPL Communication Report,,,,,,,,,,,,,,,,,,,,,,,,,0,96,731,366242494,0F:D9:9A:F3:33:0C:CD:26:66:4B:28:18:6A:18:6A:0F:A0:03:64:64:64:64:69:69:69:69:69:69:69:69:01:F4:01:F4:01:F4:01:F4:03:E8:03:E8:03:E8:03:E8:50:03,67:63:67:66:05:D0:01:60:03:E0:01:E0:00:00:00:00:00:00:00:00:00:00:00:01:00:00:00:00:00:00:00:00:00:0C:00:00:00:00:00:00:00:00:00:00:00:00:00:00:00:00,,,,,,,,,,,,,,,,0F:D9:9A:F3:33:0C:CD:26:66:4B:28:18:6A:18:6A:0F:A0:03:64:64:64:64:69:69:69:69:69:69:69:69:01:F4:01:F4:01:F4:01:F4:03:E8:03:E8:03:E8:03:E8:50:03,67:63:67:66:05:D0:01:60:03:E0:01:E0:00:00:00:00:00:00:00:00:00:00:00:01:00:00:00:00:00:00:00:00:00:0C:00:00:00:00:00:00:00:00:00:00:00:00:00:00:00:00,,,,,,,,,,,,,,,,,,,,,,,,,,,,,,,,,,,,,,,,,,
2269,366240771,"2013.02.28 08:14:34,991",0,2013.02.27,"21:21:17,100",22,On-Board Operations Procedure,OP_RP_HUMPL_TM_COMM,HUMPL Communication Report,,,,,,,,,,,,,,,,,,,,,,,,,0,85,733,366240719,0F:D9:9A:F3:33:0C:CD:26:66:4B:28:18:6A:18:6A:0F:A0:03:64:64:64:64:69:69:69:69:69:69:69:69:01:F4:01:F4:01:F4:01:F4:03:E8:03:E8:03:E8:03:E8:50:03,66:63:66:67:07:58:01:A0:05:60:03:C0:00:00:00:00:00:00:00:00:00:00:00:00:00:00:00:00:00:00:00:00:00:0B:00:00:00:00:00:00:00:00:00:00:00:00:00:00:00:00,,,,,,,,,,,,,,,,0F:D9:9A:F3:33:0C:CD:26:66:4B:28:18:6A:18:6A:0F:A0:03:64:64:64:64:69:69:69:69:69:69:69:69:01:F4:01:F4:01:F4:01:F4:03:E8:03:E8:03:E8:03:E8:50:03,66:63:66:67:07:58:01:A0:05:60:03:C0:00:00:00:00:00:00:00:00:00:00:00:00:00:00:00:00:00:00:00:00:00:0B:00:00:00:00:00:00:00:00:00:00:00:00:00:00:00:00,,,,,,,,,,,,,,,,,,,,,,,,,,,,,,,,,,,,,,,,,,
2270,366238999,"2013.02.28 08:14:37,741",0,2013.02.27,"21:18:19,900",22,On-Board Operations Procedure,OP_RP_HUMPL_TM_COMM,HUMPL Communication Report,,,,,,,,,,,,,,,,,,,,,,,,,0,103,733,366238947,0F:D9:9A:F3:33:0C:CD:26:66:4B:28:18:6A:18:6A:0F:A0:03:64:64:64:64:69:69:69:69:69:69:69:69:01:F4:01:F4:01:F4:01:F4:03:E8:03:E8:03:E8:03:E8:50:03,66:62:67:66:09:98:01:98:08:18:03:90:00:00:00:00:00:00:00:00:00:00:00:01:00:00:00:00:00:00:00:00:00:0B:00:00:00:00:00:00:00:00:00:00:00:00:00:00:00:00,,,,,,,,,,,,,,,,0F:D9:9A:F3:33:0C:CD:26:66:4B:28:18:6A:18:6A:0F:A0:03:64:64:64:64:69:69:69:69:69:69:69:69:01:F4:01:F4:01:F4:01:F4:03:E8:03:E8:03:E8:03:E8:50:03,66:62:67:66:09:98:01:98:08:18:03:90:00:00:00:00:00:00:00:00:00:00:00:01:00:00:00:00:00:00:00:00:00:0B:00:00:00:00:00:00:00:00:00:00:00:00:00:00:00:00,,,,,,,,,,,,,,,,,,,,,,,,,,,,,,,,,,,,,,,,,,
2271,366237225,"2013.02.28 08:14:40,475",0,2013.02.27,"21:15:22,500",22,On-Board Operations Procedure,OP_RP_HUMPL_TM_COMM,HUMPL Communication Report,,,,,,,,,,,,,,,,,,,,,,,,,0,92,735,366237173,0F:D9:9A:F3:33:0C:CD:26:66:4B:28:18:6A:18:6A:0F:A0:03:64:64:64:64:69:69:69:69:69:69:69:69:01:F4:01:F4:01:F4:01:F4:03:E8:03:E8:03:E8:03:E8:50:03,67:63:67:67:06:C0:01:90:06:60:05:D0:00:00:00:01:00:00:00:00:00:00:00:01:00:00:00:00:00:00:00:00:00:0B:00:00:00:00:00:00:00:00:00:00:00:00:00:00:00:00,,,,,,,,,,,,,,,,0F:D9:9A:F3:33:0C:CD:26:66:4B:28:18:6A:18:6A:0F:A0:03:64:64:64:64:69:69:69:69:69:69:69:69:01:F4:01:F4:01:F4:01:F4:03:E8:03:E8:03:E8:03:E8:50:03,67:63:67:67:06:C0:01:90:06:60:05:D0:00:00:00:01:00:00:00:00:00:00:00:01:00:00:00:00:00:00:00:00:00:0B:00:00:00:00:00:00:00:00:00:00:00:00:00:00:00:00,,,,,,,,,,,,,,,,,,,,,,,,,,,,,,,,,,,,,,,,,,
2275,366235451,"2013.02.28 08:14:48,303",0,2013.02.27,"21:12:25,100",22,On-Board Operations Procedure,OP_RP_HUMPL_TM_COMM,HUMPL Communication Report,,,,,,,,,,,,,,,,,,,,,,,,,0,106,734,366235400,0F:D9:9A:F3:33:0C:CD:26:66:4B:28:18:6A:18:6A:0F:A0:03:64:64:64:64:69:69:69:69:69:69:69:69:01:F4:01:F4:01:F4:01:F4:03:E8:03:E8:03:E8:03:E8:50:03,66:62:67:68:04:D8:01:40:07:20:06:18:00:00:00:00:00:00:00:00:00:00:00:00:00:00:00:00:00:00:00:00:00:0C:00:00:00:00:00:00:00:00:00:00:00:00:00:00:00:00,,,,,,,,,,,,,,,,0F:D9:9A:F3:33:0C:CD:26:66:4B:28:18:6A:18:6A:0F:A0:03:64:64:64:64:69:69:69:69:69:69:69:69:01:F4:01:F4:01:F4:01:F4:03:E8:03:E8:03:E8:03:E8:50:03,66:62:67:68:04:D8:01:40:07:20:06:18:00:00:00:00:00:00:00:00:00:00:00:00:00:00:00:00:00:00:00:00:00:0C:00:00:00:00:00:00:00:00:00:00:00:00:00:00:00:00,,,,,,,,,,,,,,,,,,,,,,,,,,,,,,,,,,,,,,,,,,
2276,366233677,"2013.02.28 08:14:49,772",0,2013.02.27,"21:09:27,700",22,On-Board Operations Procedure,OP_RP_HUMPL_TM_COMM,HUMPL Communication Report,,,,,,,,,,,,,,,,,,,,,,,,,0,92,734,366233626,0F:D9:9A:F3:33:0C:CD:26:66:4B:28:18:6A:18:6A:0F:A0:03:64:64:64:64:69:69:69:69:69:69:69:69:01:F4:01:F4:01:F4:01:F4:03:E8:03:E8:03:E8:03:E8:50:03,66:62:67:68:05:90:01:68:06:B8:07:40:00:00:00:01:00:00:00:00:00:00:00:00:00:00:00:00:00:00:00:00:00:0B:00:00:00:00:00:00:00:00:00:00:00:00:00:00:00:00,,,,,,,,,,,,,,,,0F:D9:9A:F3:33:0C:CD:26:66:4B:28:18:6A:18:6A:0F:A0:03:64:64:64:64:69:69:69:69:69:69:69:69:01:F4:01:F4:01:F4:01:F4:03:E8:03:E8:03:E8:03:E8:50:03,66:62:67:68:05:90:01:68:06:B8:07:40:00:00:00:01:00:00:00:00:00:00:00:00:00:00:00:00:00:00:00:00:00:0B:00:00:00:00:00:00:00:00:00:00:00:00:00:00:00:00,,,,,,,,,,,,,,,,,,,,,,,,,,,,,,,,,,,,,,,,,,
2277,366231903,"2013.02.28 08:14:52,506",0,2013.02.27,"21:06:30,300",22,On-Board Operations Procedure,OP_RP_HUMPL_TM_COMM,HUMPL Communication Report,,,,,,,,,,,,,,,,,,,,,,,,,0,86,735,366231851,0F:D9:9A:F3:33:0C:CD:26:66:4B:28:18:6A:18:6A:0F:A0:03:64:64:64:64:69:69:69:69:69:69:69:69:01:F4:01:F4:01:F4:01:F4:03:E8:03:E8:03:E8:03:E8:50:03,66:61:67:67:05:30:01:40:05:50:06:60:00:00:00:00:00:00:00:00:00:00:00:00:00:00:00:00:00:00:00:00:00:0A:00:00:00:00:00:00:00:00:00:00:00:00:00:00:00:00,,,,,,,,,,,,,,,,0F:D9:9A:F3:33:0C:CD:26:66:4B:28:18:6A:18:6A:0F:A0:03:64:64:64:64:69:69:69:69:69:69:69:69:01:F4:01:F4:01:F4:01:F4:03:E8:03:E8:03:E8:03:E8:50:03,66:61:67:67:05:30:01:40:05:50:06:60:00:00:00:00:00:00:00:00:00:00:00:00:00:00:00:00:00:00:00:00:00:0A:00:00:00:00:00:00:00:00:00:00:00:00:00:00:00:00,,,,,,,,,,,,,,,,,,,,,,,,,,,,,,,,,,,,,,,,,,
2278,366230128,"2013.02.28 08:14:55,288",0,2013.02.27,"21:03:32,800",22,On-Board Operations Procedure,OP_RP_HUMPL_TM_COMM,HUMPL Communication Report,,,,,,,,,,,,,,,,,,,,,,,,,0,75,739,366230077,0F:D9:9A:F3:33:0C:CD:26:66:4B:28:18:6A:18:6A:0F:A0:03:64:64:64:64:69:69:69:69:69:69:69:69:01:F4:01:F4:01:F4:01:F4:03:E8:03:E8:03:E8:03:E8:50:03,66:63:67:67:09:20:01:C0:07:70:07:80:00:00:00:00:00:00:00:00:00:00:00:00:00:00:00:00:00:00:00:00:00:0D:00:00:00:00:00:00:00:00:00:00:00:00:00:00:00:00,,,,,,,,,,,,,,,,0F:D9:9A:F3:33:0C:CD:26:66:4B:28:18:6A:18:6A:0F:A0:03:64:64:64:64:69:69:69:69:69:69:69:69:01:F4:01:F4:01:F4:01:F4:03:E8:03:E8:03:E8:03:E8:50:03,66:63:67:67:09:20:01:C0:07:70:07:80:00:00:00:00:00:00:00:00:00:00:00:00:00:00:00:00:00:00:00:00:00:0D:00:00:00:00:00:00:00:00:00:00:00:00:00:00:00:00,,,,,,,,,,,,,,,,,,,,,,,,,,,,,,,,,,,,,,,,,,
2282,366228357,"2013.02.28 08:15:05,600",0,2013.02.27,"21:00:35,700",22,On-Board Operations Procedure,OP_RP_HUMPL_TM_COMM,HUMPL Communication Report,,,,,,,,,,,,,,,,,,,,,,,,,0,85,741,366228302,0F:D9:9A:F3:33:0C:CD:26:66:4B:28:18:6A:18:6A:0F:A0:03:64:64:64:64:69:69:69:69:69:69:69:69:01:F4:01:F4:01:F4:01:F4:03:E8:03:E8:03:E8:03:E8:50:03,66:63:67:67:09:B0:00:F0:05:48:08:E0:00:00:00:01:00:00:00:00:00:00:00:01:00:00:00:00:00:00:00:00:00:0A:00:00:00:00:00:00:00:00:00:00:00:00:00:00:00:00,,,,,,,,,,,,,,,,0F:D9:9A:F3:33:0C:CD:26:66:4B:28:18:6A:18:6A:0F:A0:03:64:64:64:64:69:69:69:69:69:69:69:69:01:F4:01:F4:01:F4:01:F4:03:E8:03:E8:03:E8:03:E8:50:03,66:63:67:67:09:B0:00:F0:05:48:08:E0:00:00:00:01:00:00:00:00:00:00:00:01:00:00:00:00:00:00:00:00:00:0A:00:00:00:00:00:00:00:00:00:00:00:00:00:00:00:00,,,,,,,,,,,,,,,,,,,,,,,,,,,,,,,,,,,,,,,,,,
2283,366226582,"2013.02.28 08:15:07,069",0,2013.02.27,"20:57:38,200",22,On-Board Operations Procedure,OP_RP_HUMPL_TM_COMM,HUMPL Communication Report,,,,,,,,,,,,,,,,,,,,,,,,,0,93,748,366226528,0F:D9:9A:F3:33:0C:CD:26:66:4B:28:18:6A:18:6A:0F:A0:03:64:64:64:64:69:69:69:69:69:69:69:69:01:F4:01:F4:01:F4:01:F4:03:E8:03:E8:03:E8:03:E8:50:03,60:57:62:61:01:A0:01:60:02:08:01:10:00:0B:00:05:00:13:00:1E:00:00:02:48:00:00:00:00:00:06:0D:84:0D:EB:01:F9:08:81:00:00:00:00:00:00:00:00:00:00:00:00,,,,,,,,,,,,,,,,0F:D9:9A:F3:33:0C:CD:26:66:4B:28:18:6A:18:6A:0F:A0:03:64:64:64:64:69:69:69:69:69:69:69:69:01:F4:01:F4:01:F4:01:F4:03:E8:03:E8:03:E8:03:E8:50:03,60:57:62:61:01:A0:01:60:02:08:01:10:00:0B:00:05:00:13:00:1E:00:00:02:48:00:00:00:00:00:06:0D:84:0D:EB:01:F9:08:81:00:00:00:00:00:00:00:00:00:00:00:00,,,,,,,,,,,,,,,,,,,,,,,,,,,,,,,,,,,,,,,,,,
2286,366185097,"2013.02.28 08:15:10,194",0,2013.02.27,"19:48:29,700",22,On-Board Operations Procedure,OP_RP_HUMPL_TM_COMM,HUMPL Communication Report,,,,,,,,,,,,,,,,,,,,,,,,,0,81,724,366185045,0F:D9:9A:F3:33:0C:CD:26:66:4B:28:18:6A:18:6A:0F:A0:03:64:64:64:64:69:69:69:69:69:69:69:69:01:F4:01:F4:01:F4:01:F4:03:E8:03:E8:03:E8:03:E8:50:03,67:62:67:67:03:D0:00:D0:08:40:05:A0:00:00:00:00:00:00:00:00:00:00:00:00:00:00:00:00:00:00:00:00:00:0B:00:00:00:00:00:00:00:00:00:00:00:00:00:00:00:00,,,,,,,,,,,,,,,,0F:D9:9A:F3:33:0C:CD:26:66:4B:28:18:6A:18:6A:0F:A0:03:64:64:64:64:69:69:69:69:69:69:69:69:01:F4:01:F4:01:F4:01:F4:03:E8:03:E8:03:E8:03:E8:50:03,67:62:67:67:03:D0:00:D0:08:40:05:A0:00:00:00:00:00:00:00:00:00:00:00:00:00:00:00:00:00:00:00:00:00:0B:00:00:00:00:00:00:00:00:00:00:00:00:00:00:00:00,,,,,,,,,,,,,,,,,,,,,,,,,,,,,,,,,,,,,,,,,,
2288,366183323,"2013.02.28 08:15:13,319",0,2013.02.27,"19:45:32,300",22,On-Board Operations Procedure,OP_RP_HUMPL_TM_COMM,HUMPL Communication Report,,,,,,,,,,,,,,,,,,,,,,,,,0,102,729,366183271,0F:D9:9A:F3:33:0C:CD:26:66:4B:28:18:6A:18:6A:0F:A0:03:64:64:64:64:69:69:69:69:69:69:69:69:01:F4:01:F4:01:F4:01:F4:03:E8:03:E8:03:E8:03:E8:50:03,66:62:67:65:05:20:01:50:06:A8:06:C0:00:00:00:00:00:00:00:00:00:00:00:00:00:00:00:00:00:00:00:00:00:0B:00:00:00:00:00:00:00:00:00:00:00:00:00:00:00:00,,,,,,,,,,,,,,,,0F:D9:9A:F3:33:0C:CD:26:66:4B:28:18:6A:18:6A:0F:A0:03:64:64:64:64:69:69:69:69:69:69:69:69:01:F4:01:F4:01:F4:01:F4:03:E8:03:E8:03:E8:03:E8:50:03,66:62:67:65:05:20:01:50:06:A8:06:C0:00:00:00:00:00:00:00:00:00:00:00:00:00:00:00:00:00:00:00:00:00:0B:00:00:00:00:00:00:00:00:00:00:00:00:00:00:00:00,,,,,,,,,,,,,,,,,,,,,,,,,,,,,,,,,,,,,,,,,,
2291,366181548,"2013.02.28 08:15:21,256",0,2013.02.27,"19:42:34,800",22,On-Board Operations Procedure,OP_RP_HUMPL_TM_COMM,HUMPL Communication Report,,,,,,,,,,,,,,,,,,,,,,,,,0,92,733,366181497,0F:D9:9A:F3:33:0C:CD:26:66:4B:28:18:6A:18:6A:0F:A0:03:64:64:64:64:69:69:69:69:69:69:69:69:01:F4:01:F4:01:F4:01:F4:03:E8:03:E8:03:E8:03:E8:50:03,65:62:67:67:07:F0:01:C0:07:F0:02:C0:00:00:00:00:00:00:00:00:00:00:00:02:00:00:00:00:00:00:00:00:00:0B:00:00:00:00:00:00:00:00:00:00:00:00:00:00:00:00,,,,,,,,,,,,,,,,0F:D9:9A:F3:33:0C:CD:26:66:4B:28:18:6A:18:6A:0F:A0:03:64:64:64:64:69:69:69:69:69:69:69:69:01:F4:01:F4:01:F4:01:F4:03:E8:03:E8:03:E8:03:E8:50:03,65:62:67:67:07:F0:01:C0:07:F0:02:C0:00:00:00:00:00:00:00:00:00:00:00:02:00:00:00:00:00:00:00:00:00:0B:00:00:00:00:00:00:00:00:00:00:00:00:00:00:00:00,,,,,,,,,,,,,,,,,,,,,,,,,,,,,,,,,,,,,,,,,,
2292,366179774,"2013.02.28 08:15:22,725",0,2013.02.27,"19:39:37,400",22,On-Board Operations Procedure,OP_RP_HUMPL_TM_COMM,HUMPL Communication Report,,,,,,,,,,,,,,,,,,,,,,,,,0,93,730,366179722,0F:D9:9A:F3:33:0C:CD:26:66:4B:28:18:6A:18:6A:0F:A0:03:64:64:64:64:69:69:69:69:69:69:69:69:01:F4:01:F4:01:F4:01:F4:03:E8:03:E8:03:E8:03:E8:50:03,66:63:68:67:06:F8:01:40:07:A0:06:18:00:00:00:01:00:00:00:00:00:00:00:01:00:00:00:00:00:00:00:00:00:0B:00:00:00:00:00:00:00:00:00:00:00:00:00:00:00:00,,,,,,,,,,,,,,,,0F:D9:9A:F3:33:0C:CD:26:66:4B:28:18:6A:18:6A:0F:A0:03:64:64:64:64:69:69:69:69:69:69:69:69:01:F4:01:F4:01:F4:01:F4:03:E8:03:E8:03:E8:03:E8:50:03,66:63:68:67:06:F8:01:40:07:A0:06:18:00:00:00:01:00:00:00:00:00:00:00:01:00:00:00:00:00:00:00:00:00:0B:00:00:00:00:00:00:00:00:00:00:00:00:00:00:00:00,,,,,,,,,,,,,,,,,,,,,,,,,,,,,,,,,,,,,,,,,,
2293,366178000,"2013.02.28 08:15:25,475",0,2013.02.27,"19:36:40,000",22,On-Board Operations Procedure,OP_RP_HUMPL_TM_COMM,HUMPL Communication Report,,,,,,,,,,,,,,,,,,,,,,,,,0,89,734,366177948,0F:D9:9A:F3:33:0C:CD:26:66:4B:28:18:6A:18:6A:0F:A0:03:64:64:64:64:69:69:69:69:69:69:69:69:01:F4:01:F4:01:F4:01:F4:03:E8:03:E8:03:E8:03:E8:50:03,65:62:67:66:07:60:01:D0:06:20:06:A0:00:00:00:00:00:00:00:00:00:00:00:00:00:00:00:00:00:00:00:00:00:0B:00:00:00:00:00:00:00:00:00:00:00:00:00:00:00:00,,,,,,,,,,,,,,,,0F:D9:9A:F3:33:0C:CD:26:66:4B:28:18:6A:18:6A:0F:A0:03:64:64:64:64:69:69:69:69:69:69:69:69:01:F4:01:F4:01:F4:01:F4:03:E8:03:E8:03:E8:03:E8:50:03,65:62:67:66:07:60:01:D0:06:20:06:A0:00:00:00:00:00:00:00:00:00:00:00:00:00:00:00:00:00:00:00:00:00:0B:00:00:00:00:00:00:00:00:00:00:00:00:00:00:00:00,,,,,,,,,,,,,,,,,,,,,,,,,,,,,,,,,,,,,,,,,,
2294,366176226,"2013.02.28 08:15:28,241",0,2013.02.27,"19:33:42,600",22,On-Board Operations Procedure,OP_RP_HUMPL_TM_COMM,HUMPL Communication Report,,,,,,,,,,,,,,,,,,,,,,,,,0,103,735,366176174,0F:D9:9A:F3:33:0C:CD:26:66:4B:28:18:6A:18:6A:0F:A0:03:64:64:64:64:69:69:69:69:69:69:69:69:01:F4:01:F4:01:F4:01:F4:03:E8:03:E8:03:E8:03:E8:50:03,65:61:66:66:08:38:01:10:05:E0:04:E0:00:00:00:00:00:00:00:00:00:00:00:02:00:00:00:00:00:00:00:00:00:0C:00:00:00:00:00:00:00:00:00:00:00:00:00:00:00:00,,,,,,,,,,,,,,,,0F:D9:9A:F3:33:0C:CD:26:66:4B:28:18:6A:18:6A:0F:A0:03:64:64:64:64:69:69:69:69:69:69:69:69:01:F4:01:F4:01:F4:01:F4:03:E8:03:E8:03:E8:03:E8:50:03,65:61:66:66:08:38:01:10:05:E0:04:E0:00:00:00:00:00:00:00:00:00:00:00:02:00:00:00:00:00:00:00:00:00:0C:00:00:00:00:00:00:00:00:00:00:00:00:00:00:00:00,,,,,,,,,,,,,,,,,,,,,,,,,,,,,,,,,,,,,,,,,,
2298,366174453,"2013.02.28 08:15:37,975",0,2013.02.27,"19:30:45,300",22,On-Board Operations Procedure,OP_RP_HUMPL_TM_COMM,HUMPL Communication Report,,,,,,,,,,,,,,,,,,,,,,,,,0,94,739,366174403,0F:D9:9A:F3:33:0C:CD:26:66:4B:28:18:6A:18:6A:0F:A0:03:64:64:64:64:69:69:69:69:69:69:69:69:01:F4:01:F4:01:F4:01:F4:03:E8:03:E8:03:E8:03:E8:50:03,66:63:67:66:09:18:01:B8:06:90:05:60:00:00:00:00:00:00:00:00:00:00:00:00:00:00:00:00:00:00:00:00:00:0D:00:00:00:00:00:00:00:00:00:00:00:00:00:00:00:00,,,,,,,,,,,,,,,,0F:D9:9A:F3:33:0C:CD:26:66:4B:28:18:6A:18:6A:0F:A0:03:64:64:64:64:69:69:69:69:69:69:69:69:01:F4:01:F4:01:F4:01:F4:03:E8:03:E8:03:E8:03:E8:50:03,66:63:67:66:09:18:01:B8:06:90:05:60:00:00:00:00:00:00:00:00:00:00:00:00:00:00:00:00:00:00:00:00:00:0D:00:00:00:00:00:00:00:00:00:00:00:00:00:00:00:00,,,,,,,,,,,,,,,,,,,,,,,,,,,,,,,,,,,,,,,,,,
2299,366172680,"2013.02.28 08:15:39,444",0,2013.02.27,"19:27:48,000",22,On-Board Operations Procedure,OP_RP_HUMPL_TM_COMM,HUMPL Communication Report,,,,,,,,,,,,,,,,,,,,,,,,,0,85,741,366172628,0F:D9:9A:F3:33:0C:CD:26:66:4B:28:18:6A:18:6A:0F:A0:03:64:64:64:64:69:69:69:69:69:69:69:69:01:F4:01:F4:01:F4:01:F4:03:E8:03:E8:03:E8:03:E8:50:03,66:63:67:67:07:20:01:40:05:20:04:18:00:00:00:00:00:00:00:00:00:00:00:00:00:00:00:00:00:00:00:00:00:0C:00:00:00:00:00:00:00:00:00:00:00:00:00:00:00:00,,,,,,,,,,,,,,,,0F:D9:9A:F3:33:0C:CD:26:66:4B:28:18:6A:18:6A:0F:A0:03:64:64:64:64:69:69:69:69:69:69:69:69:01:F4:01:F4:01:F4:01:F4:03:E8:03:E8:03:E8:03:E8:50:03,66:63:67:67:07:20:01:40:05:20:04:18:00:00:00:00:00:00:00:00:00:00:00:00:00:00:00:00:00:00:00:00:00:0C:00:00:00:00:00:00:00:00:00:00:00:00:00:00:00:00,,,,,,,,,,,,,,,,,,,,,,,,,,,,,,,,,,,,,,,,,,
2300,366170907,"2013.02.28 08:15:42,194",0,2013.02.27,"19:24:50,700",22,On-Board Operations Procedure,OP_RP_HUMPL_TM_COMM,HUMPL Communication Report,,,,,,,,,,,,,,,,,,,,,,,,,0,93,745,366170855,0F:D9:9A:F3:33:0C:CD:26:66:4B:28:18:6A:18:6A:0F:A0:03:64:64:64:64:69:69:69:69:69:69:69:69:01:F4:01:F4:01:F4:01:F4:03:E8:03:E8:03:E8:03:E8:50:03,66:62:66:66:09:80:01:58:05:B0:06:C0:00:00:00:00:00:00:00:00:00:00:00:00:00:00:00:00:00:00:00:00:00:0B:00:00:00:00:00:00:00:00:00:00:00:00:00:00:00:00,,,,,,,,,,,,,,,,0F:D9:9A:F3:33:0C:CD:26:66:4B:28:18:6A:18:6A:0F:A0:03:64:64:64:64:69:69:69:69:69:69:69:69:01:F4:01:F4:01:F4:01:F4:03:E8:03:E8:03:E8:03:E8:50:03,66:62:66:66:09:80:01:58:05:B0:06:C0:00:00:00:00:00:00:00:00:00:00:00:00:00:00:00:00:00:00:00:00:00:0B:00:00:00:00:00:00:00:00:00:00:00:00:00:00:00:00,,,,,,,,,,,,,,,,,,,,,,,,,,,,,,,,,,,,,,,,,,
2301,366169136,"2013.02.28 08:15:44,944",0,2013.02.27,"19:21:53,600",22,On-Board Operations Procedure,OP_RP_HUMPL_TM_COMM,HUMPL Communication Report,,,,,,,,,,,,,,,,,,,,,,,,,0,95,747,366169081,0F:D9:9A:F3:33:0C:CD:26:66:4B:28:18:6A:18:6A:0F:A0:03:64:64:64:64:69:69:69:69:69:69:69:69:01:F4:01:F4:01:F4:01:F4:03:E8:03:E8:03:E8:03:E8:50:03,65:63:67:67:0A:90:01:B0:06:30:05:98:00:00:00:00:00:00:00:00:00:00:00:00:00:00:00:00:00:00:00:00:00:0D:00:00:00:00:00:00:00:00:00:00:00:00:00:00:00:00,,,,,,,,,,,,,,,,0F:D9:9A:F3:33:0C:CD:26:66:4B:28:18:6A:18:6A:0F:A0:03:64:64:64:64:69:69:69:69:69:69:69:69:01:F4:01:F4:01:F4:01:F4:03:E8:03:E8:03:E8:03:E8:50:03,65:63:67:67:0A:90:01:B0:06:30:05:98:00:00:00:00:00:00:00:00:00:00:00:00:00:00:00:00:00:00:00:00:00:0D:00:00:00:00:00:00:00:00:00:00:00:00:00:00:00:00,,,,,,,,,,,,,,,,,,,,,,,,,,,,,,,,,,,,,,,,,,
2305,366167362,"2013.02.28 08:15:54,225",0,2013.02.27,"19:18:56,200",22,On-Board Operations Procedure,OP_RP_HUMPL_TM_COMM,HUMPL Communication Report,,,,,,,,,,,,,,,,,,,,,,,,,0,100,750,366167308,0F:D9:9A:F3:33:0C:CD:26:66:4B:28:18:6A:18:6A:0F:A0:03:64:64:64:64:69:69:69:69:69:69:69:69:01:F4:01:F4:01:F4:01:F4:03:E8:03:E8:03:E8:03:E8:50:03,51:5F:62:61:03:00:01:20:03:30:02:68:00:09:00:03:00:11:00:1E:00:04:02:2E:00:00:00:00:00:01:0D:16:0D:F4:01:FB:08:99:00:00:00:00:00:00:00:00:00:00:00:00,,,,,,,,,,,,,,,,0F:D9:9A:F3:33:0C:CD:26:66:4B:28:18:6A:18:6A:0F:A0:03:64:64:64:64:69:69:69:69:69:69:69:69:01:F4:01:F4:01:F4:01:F4:03:E8:03:E8:03:E8:03:E8:50:03,51:5F:62:61:03:00:01:20:03:30:02:68:00:09:00:03:00:11:00:1E:00:04:02:2E:00:00:00:00:00:01:0D:16:0D:F4:01:FB:08:99:00:00:00:00:00:00:00:00:00:00:00:00,,,,,,,,,,,,,,,,,,,,,,,,,,,,,,,,,,,,,,,,,,
2308,366125881,"2013.02.28 08:15:57,334",0,2013.02.27,"18:09:48,100",22,On-Board Operations Procedure,OP_RP_HUMPL_TM_COMM,HUMPL Communication Report,,,,,,,,,,,,,,,,,,,,,,,,,0,101,726,366125829,0F:D9:9A:F3:33:0C:CD:26:66:4B:28:18:6A:18:6A:0F:A0:03:64:64:64:64:69:69:69:69:69:69:69:69:01:F4:01:F4:01:F4:01:F4:03:E8:03:E8:03:E8:03:E8:50:03,67:62:66:67:06:A0:01:80:07:70:03:C0:00:00:00:00:00:00:00:00:00:00:00:01:00:00:00:00:00:00:00:00:00:0A:00:00:00:00:00:00:00:00:00:00:00:00:00:00:00:00,,,,,,,,,,,,,,,,0F:D9:9A:F3:33:0C:CD:26:66:4B:28:18:6A:18:6A:0F:A0:03:64:64:64:64:69:69:69:69:69:69:69:69:01:F4:01:F4:01:F4:01:F4:03:E8:03:E8:03:E8:03:E8:50:03,67:62:66:67:06:A0:01:80:07:70:03:C0:00:00:00:00:00:00:00:00:00:00:00:01:00:00:00:00:00:00:00:00:00:0A:00:00:00:00:00:00:00:00:00:00:00:00:00:00:00:00,,,,,,,,,,,,,,,,,,,,,,,,,,,,,,,,,,,,,,,,,,
2309,366124109,"2013.02.28 08:15:58,803",0,2013.02.27,"18:06:50,900",22,On-Board Operations Procedure,OP_RP_HUMPL_TM_COMM,HUMPL Communication Report,,,,,,,,,,,,,,,,,,,,,,,,,0,79,729,366124057,0F:D9:9A:F3:33:0C:CD:26:66:4B:28:18:6A:18:6A:0F:A0:03:64:64:64:64:69:69:69:69:69:69:69:69:01:F4:01:F4:01:F4:01:F4:03:E8:03:E8:03:E8:03:E8:50:03,66:63:67:65:07:A8:01:B0:08:C0:03:80:00:00:00:01:00:00:00:00:00:00:00:00:00:00:00:00:00:00:00:00:00:0C:00:00:00:00:00:00:00:00:00:00:00:00:00:00:00:00,,,,,,,,,,,,,,,,0F:D9:9A:F3:33:0C:CD:26:66:4B:28:18:6A:18:6A:0F:A0:03:64:64:64:64:69:69:69:69:69:69:69:69:01:F4:01:F4:01:F4:01:F4:03:E8:03:E8:03:E8:03:E8:50:03,66:63:67:65:07:A8:01:B0:08:C0:03:80:00:00:00:01:00:00:00:00:00:00:00:00:00:00:00:00:00:00:00:00:00:0C:00:00:00:00:00:00:00:00:00:00:00:00:00:00:00:00,,,,,,,,,,,,,,,,,,,,,,,,,,,,,,,,,,,,,,,,,,
2311,366122337,"2013.02.28 08:16:01,897",0,2013.02.27,"18:03:53,700",22,On-Board Operations Procedure,OP_RP_HUMPL_TM_COMM,HUMPL Communication Report,,,,,,,,,,,,,,,,,,,,,,,,,0,96,731,366122285,0F:D9:9A:F3:33:0C:CD:26:66:4B:28:18:6A:18:6A:0F:A0:03:64:64:64:64:69:69:69:69:69:69:69:69:01:F4:01:F4:01:F4:01:F4:03:E8:03:E8:03:E8:03:E8:50:03,66:62:67:66:06:10:01:80:08:60:04:60:00:00:00:01:00:00:00:00:00:00:00:00:00:00:00:00:00:00:00:00:00:0C:00:00:00:00:00:00:00:00:00:00:00:00:00:00:00:00,,,,,,,,,,,,,,,,0F:D9:9A:F3:33:0C:CD:26:66:4B:28:18:6A:18:6A:0F:A0:03:64:64:64:64:69:69:69:69:69:69:69:69:01:F4:01:F4:01:F4:01:F4:03:E8:03:E8:03:E8:03:E8:50:03,66:62:67:66:06:10:01:80:08:60:04:60:00:00:00:01:00:00:00:00:00:00:00:00:00:00:00:00:00:00:00:00:00:0C:00:00:00:00:00:00:00:00:00:00:00:00:00:00:00:00,,,,,,,,,,,,,,,,,,,,,,,,,,,,,,,,,,,,,,,,,,
2314,366120564,"2013.02.28 08:16:11,350",0,2013.02.27,"18:00:56,400",22,On-Board Operations Procedure,OP_RP_HUMPL_TM_COMM,HUMPL Communication Report,,,,,,,,,,,,,,,,,,,,,,,,,0,76,728,366120512,0F:D9:9A:F3:33:0C:CD:26:66:4B:28:18:6A:18:6A:0F:A0:03:64:64:64:64:69:69:69:69:69:69:69:69:01:F4:01:F4:01:F4:01:F4:03:E8:03:E8:03:E8:03:E8:50:03,66:63:67:66:06:30:01:C0:07:F0:03:E0:00:00:00:00:00:00:00:00:00:00:00:00:00:00:00:00:00:00:00:00:00:0B:00:00:00:00:00:00:00:00:00:00:00:00:00:00:00:00,,,,,,,,,,,,,,,,0F:D9:9A:F3:33:0C:CD:26:66:4B:28:18:6A:18:6A:0F:A0:03:64:64:64:64:69:69:69:69:69:69:69:69:01:F4:01:F4:01:F4:01:F4:03:E8:03:E8:03:E8:03:E8:50:03,66:63:67:66:06:30:01:C0:07:F0:03:E0:00:00:00:00:00:00:00:00:00:00:00:00:00:00:00:00:00:00:00:00:00:0B:00:00:00:00:00:00:00:00:00:00:00:00:00:00:00:00,,,,,,,,,,,,,,,,,,,,,,,,,,,,,,,,,,,,,,,,,,
2355,366120564,"2013.02.28 09:46:05,663",0,2013.02.27,"18:00:56,400",22,On-Board Operations Procedure,OP_RP_HUMPL_TM_COMM,HUMPL Communication Report,,,,,,,,,,,,,,,,,,,,,,,,,0,76,728,366120512,0F:D9:9A:F3:33:0C:CD:26:66:4B:28:18:6A:18:6A:0F:A0:03:64:64:64:64:69:69:69:69:69:69:69:69:01:F4:01:F4:01:F4:01:F4:03:E8:03:E8:03:E8:03:E8:50:03,66:63:67:66:06:30:01:C0:07:F0:03:E0:00:00:00:00:00:00:00:00:00:00:00:00:00:00:00:00:00:00:00:00:00:0B:00:00:00:00:00:00:00:00:00:00:00:00:00:00:00:00,,,,,,,,,,,,,,,,0F:D9:9A:F3:33:0C:CD:26:66:4B:28:18:6A:18:6A:0F:A0:03:64:64:64:64:69:69:69:69:69:69:69:69:01:F4:01:F4:01:F4:01:F4:03:E8:03:E8:03:E8:03:E8:50:03,66:63:67:66:06:30:01:C0:07:F0:03:E0:00:00:00:00:00:00:00:00:00:00:00:00:00:00:00:00:00:00:00:00:00:0B:00:00:00:00:00:00:00:00:00:00:00:00:00:00:00:00,,,,,,,,,,,,,,,,,,,,,,,,,,,,,,,,,,,,,,,,,,
2356,366118791,"2013.02.28 09:46:07,131",0,2013.02.27,"17:57:59,100",22,On-Board Operations Procedure,OP_RP_HUMPL_TM_COMM,HUMPL Communication Report,,,,,,,,,,,,,,,,,,,,,,,,,0,90,731,366118739,0F:D9:9A:F3:33:0C:CD:26:66:4B:28:18:6A:18:6A:0F:A0:03:64:64:64:64:69:69:69:69:69:69:69:69:01:F4:01:F4:01:F4:01:F4:03:E8:03:E8:03:E8:03:E8:50:03,66:62:67:67:06:38:01:40:06:80:05:08:00:00:00:00:00:00:00:00:00:00:00:01:00:00:00:00:00:00:00:00:00:0A:00:00:00:00:00:00:00:00:00:00:00:00:00:00:00:00,,,,,,,,,,,,,,,,0F:D9:9A:F3:33:0C:CD:26:66:4B:28:18:6A:18:6A:0F:A0:03:64:64:64:64:69:69:69:69:69:69:69:69:01:F4:01:F4:01:F4:01:F4:03:E8:03:E8:03:E8:03:E8:50:03,66:62:67:67:06:38:01:40:06:80:05:08:00:00:00:00:00:00:00:00:00:00:00:01:00:00:00:00:00:00:00:00:00:0A:00:00:00:00:00:00:00:00:00:00:00:00:00:00:00:00,,,,,,,,,,,,,,,,,,,,,,,,,,,,,,,,,,,,,,,,,,
2357,366117018,"2013.02.28 09:46:09,913",0,2013.02.27,"17:55:01,800",22,On-Board Operations Procedure,OP_RP_HUMPL_TM_COMM,HUMPL Communication Report,,,,,,,,,,,,,,,,,,,,,,,,,0,95,732,366116966,0F:D9:9A:F3:33:0C:CD:26:66:4B:28:18:6A:18:6A:0F:A0:03:64:64:64:64:69:69:69:69:69:69:69:69:01:F4:01:F4:01:F4:01:F4:03:E8:03:E8:03:E8:03:E8:50:03,66:62:67:66:08:E0:01:D0:07:00:05:18:00:00:00:00:00:00:00:00:00:00:00:00:00:00:00:00:00:00:00:00:00:0D:00:00:00:00:00:00:00:00:00:00:00:00:00:00:00:00,,,,,,,,,,,,,,,,0F:D9:9A:F3:33:0C:CD:26:66:4B:28:18:6A:18:6A:0F:A0:03:64:64:64:64:69:69:69:69:69:69:69:69:01:F4:01:F4:01:F4:01:F4:03:E8:03:E8:03:E8:03:E8:50:03,66:62:67:66:08:E0:01:D0:07:00:05:18:00:00:00:00:00:00:00:00:00:00:00:00:00:00:00:00:00:00:00:00:00:0D:00:00:00:00:00:00:00:00:00:00:00:00:00:00:00:00,,,,,,,,,,,,,,,,,,,,,,,,,,,,,,,,,,,,,,,,,,
2358,366115245,"2013.02.28 09:46:12,647",0,2013.02.27,"17:52:04,500",22,On-Board Operations Procedure,OP_RP_HUMPL_TM_COMM,HUMPL Communication Report,,,,,,,,,,,,,,,,,,,,,,,,,0,100,733,366115193,0F:D9:9A:F3:33:0C:CD:26:66:4B:28:18:6A:18:6A:0F:A0:03:64:64:64:64:69:69:69:69:69:69:69:69:01:F4:01:F4:01:F4:01:F4:03:E8:03:E8:03:E8:03:E8:50:03,66:63:67:67:08:80:01:40:06:88:03:00:00:00:00:00:00:00:00:00:00:00:00:01:00:00:00:00:00:00:00:00:00:0C:00:00:00:00:00:00:00:00:00:00:00:00:00:00:00:00,,,,,,,,,,,,,,,,0F:D9:9A:F3:33:0C:CD:26:66:4B:28:18:6A:18:6A:0F:A0:03:64:64:64:64:69:69:69:69:69:69:69:69:01:F4:01:F4:01:F4:01:F4:03:E8:03:E8:03:E8:03:E8:50:03,66:63:67:67:08:80:01:40:06:88:03:00:00:00:00:00:00:00:00:00:00:00:00:01:00:00:00:00:00:00:00:00:00:0C:00:00:00:00:00:00:00:00:00:00:00:00:00:00:00:00,,,,,,,,,,,,,,,,,,,,,,,,,,,,,,,,,,,,,,,,,,
2362,366113471,"2013.02.28 09:46:24,694",0,2013.02.27,"17:49:07,100",22,On-Board Operations Procedure,OP_RP_HUMPL_TM_COMM,HUMPL Communication Report,,,,,,,,,,,,,,,,,,,,,,,,,0,84,736,366113419,0F:D9:9A:F3:33:0C:CD:26:66:4B:28:18:6A:18:6A:0F:A0:03:64:64:64:64:69:69:69:69:69:69:69:69:01:F4:01:F4:01:F4:01:F4:03:E8:03:E8:03:E8:03:E8:50:03,66:62:67:68:0A:90:01:98:06:70:04:E0:00:00:00:00:00:00:00:00:00:00:00:01:00:00:00:00:00:00:00:00:00:0D:00:00:00:00:00:00:00:00:00:00:00:00:00:00:00:00,,,,,,,,,,,,,,,,0F:D9:9A:F3:33:0C:CD:26:66:4B:28:18:6A:18:6A:0F:A0:03:64:64:64:64:69:69:69:69:69:69:69:69:01:F4:01:F4:01:F4:01:F4:03:E8:03:E8:03:E8:03:E8:50:03,66:62:67:68:0A:90:01:98:06:70:04:E0:00:00:00:00:00:00:00:00:00:00:00:01:00:00:00:00:00:00:00:00:00:0D:00:00:00:00:00:00:00:00:00:00:00:00:00:00:00:00,,,,,,,,,,,,,,,,,,,,,,,,,,,,,,,,,,,,,,,,,,
2363,366111698,"2013.02.28 09:46:26,163",0,2013.02.27,"17:46:09,800",22,On-Board Operations Procedure,OP_RP_HUMPL_TM_COMM,HUMPL Communication Report,,,,,,,,,,,,,,,,,,,,,,,,,0,108,741,366111645,0F:D9:9A:F3:33:0C:CD:26:66:4B:28:18:6A:18:6A:0F:A0:03:64:64:64:64:69:69:69:69:69:69:69:69:01:F4:01:F4:01:F4:01:F4:03:E8:03:E8:03:E8:03:E8:50:03,65:62:67:67:08:40:01:78:05:58:08:60:00:00:00:00:00:00:00:00:00:00:00:00:00:00:00:00:00:00:00:00:00:0C:00:00:00:00:00:00:00:00:00:00:00:00:00:00:00:00,,,,,,,,,,,,,,,,0F:D9:9A:F3:33:0C:CD:26:66:4B:28:18:6A:18:6A:0F:A0:03:64:64:64:64:69:69:69:69:69:69:69:69:01:F4:01:F4:01:F4:01:F4:03:E8:03:E8:03:E8:03:E8:50:03,65:62:67:67:08:40:01:78:05:58:08:60:00:00:00:00:00:00:00:00:00:00:00:00:00:00:00:00:00:00:00:00:00:0C:00:00:00:00:00:00:00:00:00:00:00:00:00:00:00:00,,,,,,,,,,,,,,,,,,,,,,,,,,,,,,,,,,,,,,,,,,
2364,366109925,"2013.02.28 09:46:28,913",0,2013.02.27,"17:43:12,500",22,On-Board Operations Procedure,OP_RP_HUMPL_TM_COMM,HUMPL Communication Report,,,,,,,,,,,,,,,,,,,,,,,,,0,92,740,366109872,0F:D9:9A:F3:33:0C:CD:26:66:4B:28:18:6A:18:6A:0F:A0:03:64:64:64:64:69:69:69:69:69:69:69:69:01:F4:01:F4:01:F4:01:F4:03:E8:03:E8:03:E8:03:E8:50:03,65:62:67:67:0B:A0:01:80:07:48:08:40:00:00:00:00:00:00:00:00:00:00:00:01:00:00:00:00:00:00:00:00:00:0C:00:00:00:00:00:00:00:00:00:00:00:00:00:00:00:00,,,,,,,,,,,,,,,,0F:D9:9A:F3:33:0C:CD:26:66:4B:28:18:6A:18:6A:0F:A0:03:64:64:64:64:69:69:69:69:69:69:69:69:01:F4:01:F4:01:F4:01:F4:03:E8:03:E8:03:E8:03:E8:50:03,65:62:67:67:0B:A0:01:80:07:48:08:40:00:00:00:00:00:00:00:00:00:00:00:01:00:00:00:00:00:00:00:00:00:0C:00:00:00:00:00:00:00:00:00:00:00:00:00:00:00:00,,,,,,,,,,,,,,,,,,,,,,,,,,,,,,,,,,,,,,,,,,
2365,366108147,"2013.02.28 09:46:31,663",0,2013.02.27,"17:40:14,700",22,On-Board Operations Procedure,OP_RP_HUMPL_TM_COMM,HUMPL Communication Report,,,,,,,,,,,,,,,,,,,,,,,,,0,98,749,366108096,0F:D9:9A:F3:33:0C:CD:26:66:4B:28:18:6A:18:6A:0F:A0:03:64:64:64:64:69:69:69:69:69:69:69:69:01:F4:01:F4:01:F4:01:F4:03:E8:03:E8:03:E8:03:E8:50:03,60:5F:62:61:02:00:01:20:03:18:01:60:00:09:00:01:00:07:00:18:00:01:01:C0:00:00:00:00:00:03:09:F7:0A:8E:01:5B:06:D1:00:00:00:00:00:00:00:00:00:00:00:00,,,,,,,,,,,,,,,,0F:D9:9A:F3:33:0C:CD:26:66:4B:28:18:6A:18:6A:0F:A0:03:64:64:64:64:69:69:69:69:69:69:69:69:01:F4:01:F4:01:F4:01:F4:03:E8:03:E8:03:E8:03:E8:50:03,60:5F:62:61:02:00:01:20:03:18:01:60:00:09:00:01:00:07:00:18:00:01:01:C0:00:00:00:00:00:03:09:F7:0A:8E:01:5B:06:D1:00:00:00:00:00:00:00:00:00:00:00:00,,,,,,,,,,,,,,,,,,,,,,,,,,,,,,,,,,,,,,,,,,
2373,366030198,"2013.02.28 09:46:40,538",0,2013.02.27,"15:30:19,800",21,On-Board Operations Procedure,OP_RP_HUMPL_TEST_RX,HUMPL Reception Test Report,,,,,,,,,,,,,,,,,,,,,,,,,0,93,733,366022813,0F:00:00:00:00:00:00:00:00:4B:28:18:6A:18:6A:0F:A0:03:62:62:62:62:68:68:68:68:68:68:68:68:02:EE:02:EE:02:EE:02:EE:04:E2:04:E2:04:E2:04:E2:50:01:00:00:3C,34:34:34:34:00:D0:00:A0:00:90:00:78:00:00:00:00:00:05:00:00:00:00:00:00:00:40:00:28,,,,,,,,,,,,,,,,0F:00:00:00:00:00:00:00:00:4B:28:18:6A:18:6A:0F:A0:03:62:62:62:62:68:68:68:68:68:68:68:68:02:EE:02:EE:02:EE:02:EE:04:E2:04:E2:04:E2:04:E2:50:01:00:00:3C,34:34:34:34:00:D0:00:A0:00:90:00:78:00:00:00:00:00:05:00:00:00:00:00:00:00:40:00:28,,,,,,,,,,,,,,,,,,,,,,,,,,,,,,,,,,,,,,,,,,
2374,366030167,"2013.02.28 09:46:42,006",0,2013.02.27,"15:30:16,700",21,On-Board Operations Procedure,OP_RP_HUMPL_TEST_RX,HUMPL Reception Test Report,,,,,,,,,,,,,,,,,,,,,,,,,0,89,731,366022212,08:00:00:00:00:00:00:00:00:4B:28:61:A8:61:A8:0F:A0:03:5D:5D:5D:5D:62:62:62:62:62:62:62:62:02:EE:02:EE:02:EE:02:EE:04:E2:04:E2:04:E2:04:E2:50:01:00:00:1E,FF:FF:FF:33:FF:FF:FF:FF:FF:FF:01:28:00:00:00:00:00:01:00:00:00:00:00:00:00:03:00:0A,,,,,,,,,,,,,,,,08:00:00:00:00:00:00:00:00:4B:28:61:A8:61:A8:0F:A0:03:5D:5D:5D:5D:62:62:62:62:62:62:62:62:02:EE:02:EE:02:EE:02:EE:04:E2:04:E2:04:E2:04:E2:50:01:00:00:1E,FF:FF:FF:33:FF:FF:FF:FF:FF:FF:01:28:00:00:00:00:00:01:00:00:00:00:00:00:00:03:00:0A,,,,,,,,,,,,,,,,,,,,,,,,,,,,,,,,,,,,,,,,,,
2375,366030135,"2013.02.28 09:46:44,772",0,2013.02.27,"15:30:13,500",21,On-Board Operations Procedure,OP_RP_HUMPL_TEST_RX,HUMPL Reception Test Report,,,,,,,,,,,,,,,,,,,,,,,,,0,88,730,366021911,04:00:00:00:00:00:00:00:00:4B:28:61:A8:61:A8:0F:A0:03:5D:5D:5D:5D:62:62:62:62:62:62:62:62:02:EE:02:EE:02:EE:02:EE:04:E2:04:E2:04:E2:04:E2:50:01:00:00:1E,FF:FF:33:FF:FF:FF:FF:FF:01:10:FF:FF:00:00:00:00:00:02:00:00:00:00:00:00:00:00:00:0B,,,,,,,,,,,,,,,,04:00:00:00:00:00:00:00:00:4B:28:61:A8:61:A8:0F:A0:03:5D:5D:5D:5D:62:62:62:62:62:62:62:62:02:EE:02:EE:02:EE:02:EE:04:E2:04:E2:04:E2:04:E2:50:01:00:00:1E,FF:FF:33:FF:FF:FF:FF:FF:01:10:FF:FF:00:00:00:00:00:02:00:00:00:00:00:00:00:00:00:0B,,,,,,,,,,,,,,,,,,,,,,,,,,,,,,,,,,,,,,,,,,
2376,366030104,"2013.02.28 09:46:47,522",0,2013.02.27,"15:30:10,400",21,On-Board Operations Procedure,OP_RP_HUMPL_TEST_RX,HUMPL Reception Test Report,,,,,,,,,,,,,,,,,,,,,,,,,0,90,733,366021610,02:00:00:00:00:00:00:00:00:4B:28:61:A8:61:A8:0F:A0:03:5D:5D:5D:5D:62:62:62:62:62:62:62:62:02:EE:02:EE:02:EE:02:EE:04:E2:04:E2:04:E2:04:E2:50:01:00:00:1E,FF:33:FF:FF:FF:FF:01:60:FF:FF:FF:FF:00:00:00:00:00:01:00:00:00:00:00:00:00:00:00:0B,,,,,,,,,,,,,,,,02:00:00:00:00:00:00:00:00:4B:28:61:A8:61:A8:0F:A0:03:5D:5D:5D:5D:62:62:62:62:62:62:62:62:02:EE:02:EE:02:EE:02:EE:04:E2:04:E2:04:E2:04:E2:50:01:00:00:1E,FF:33:FF:FF:FF:FF:01:60:FF:FF:FF:FF:00:00:00:00:00:01:00:00:00:00:00:00:00:00:00:0B,,,,,,,,,,,,,,,,,,,,,,,,,,,,,,,,,,,,,,,,,,
2377,366030073,"2013.02.28 09:46:50,288",0,2013.02.27,"15:30:07,300",21,On-Board Operations Procedure,OP_RP_HUMPL_TEST_RX,HUMPL Reception Test Report,,,,,,,,,,,,,,,,,,,,,,,,,0,86,731,366021309,01:00:00:00:00:00:00:00:00:4B:28:61:A8:61:A8:0F:A0:03:5D:5D:5D:5D:62:62:62:62:62:62:62:62:02:EE:02:EE:02:EE:02:EE:04:E2:04:E2:04:E2:04:E2:50:01:00:00:1E,34:FF:FF:FF:01:00:FF:FF:FF:FF:FF:FF:00:00:00:00:00:00:00:00:00:00:00:00:00:01:00:0B,,,,,,,,,,,,,,,,01:00:00:00:00:00:00:00:00:4B:28:61:A8:61:A8:0F:A0:03:5D:5D:5D:5D:62:62:62:62:62:62:62:62:02:EE:02:EE:02:EE:02:EE:04:E2:04:E2:04:E2:04:E2:50:01:00:00:1E,34:FF:FF:FF:01:00:FF:FF:FF:FF:FF:FF:00:00:00:00:00:00:00:00:00:00:00:00:00:01:00:0B,,,,,,,,,,,,,,,,,,,,,,,,,,,,,,,,,,,,,,,,,,
2388,366030047,"2013.02.28 09:49:09,881",0,2013.02.27,"15:30:04,700",19,On-Board Operations Procedure,OP_RP_HUMPL_TEST_MEM,HUMPL Memory Test Report,,,,,,,,,,,,,,,,,,,,,,,,,0,82,727,366021007,,,,,,,,0,0,00:2A:00,00:07:00:41:00:35:00:00:01:F6:00:03:00:25:00:02:00:00:00:0A:00:1D:00:01:00:1C:00:10:00:27:00:36:01:F0:02:2C:00:DE:01:01:FF:FF:FF:FF:FF:FF:FF:FF:FF:FF:FF:FF:FF:FF:FF:FF:FF:FF:FF:FF:FF:FF:FF:FF:FF:FF,,,,,,,,,,,,,,,,,,,,,,,,,,,,,,,,,,,,,,,,,,,,,,,,,,